Workbook

Sheet Produktion
G1: TEGNESTUE A/S
F3: Produktion: High Class painting
J4: Produktion-tid/
F5: Produktionsfaktorer: | J5: Arbejds-tid: | K5: 1 time
H6: Pris pr. enhed - kr.
F7: Faste:
G8: Saks | H8: 10
G9: Tuscher | H9: 10
F10: Variable
G11: Arbejdskraft | H11: 100
H13: =F16-F15/E16-15 -> -13
F14: Total produktion/ Antal billeder (M) | G14: Gennemsnitsprodukt (GNSP) Tabel 4.1 | H14: Grænseprodukt (GP) Tabel 4.1 | I14: Faste omkostninger (FO) | J14: Variable omkostninger (VO) | K14: Total omkostninger (TO) | L14: Faste enhedsomkostninger (FE) Tabel 4.2 | M14: Variable enheds- omkostninger (VE) | N14: Totale enhedsom-kostninger (TE) | O14: Grænseom-kostninger (GROMK)
D15: Arbejdskraft, antal: | E15: 0 | F15: 0 | G15: - | H15: - | I15: 50 | J15: 0 | O15: =-K15 -> 0
E16: 1 | F16: 2 | G16: =F16/E16 -> 2 | H16: =F16-F15/E16-E15 -> 2 | I16: 50 | J16: =H11*E16 -> 100 | K16: 150 | L16: 2.5=E16/F16 | M16: 50 | O16: =(K16-K15)/(F16-F15) -> 75
E17: 2 | F17: 5 | G17: =F17/E17 -> 2.5 | H17: =(F17-F16)/(E17-E16) -> 3 | I17: 50 | J17: =H11*E17 -> 200 | K17: 250
E18: 3 | F18: 9 | G18: =F18/E18 -> 3 | H18: =(F18-F17)/(E18-E17) -> 4 | I18: 50 | J18: =H11*E18 -> 300 | K18: 350
E19: 4 | F19: 14 | G19: =F19/E19 -> 3.5 | H19: =(F19-F18)/(E19-E18) -> 5 | I19: 50 | J19: 400 | K19: 450
E20: 5 | F20: 17 | G20: =F20/E20 -> 3.4 | H20: =(F20-F19)/(E20-E19) -> 3 | I20: 50 | J20: 500 | K20: 550
E21: 6 | F21: 19 | G21: =F21/E21 -> 3.1666667 | H21: =(F21-F20)/(E21-E20) -> 2 | I21: 50 | J21: 600 | K21: 650
E22: 7 | F22: 20 | G22: =F22/E22 -> 2.8571429 | H22: =(F22-F21)/(E22-E21) -> 1 | I22: 50 | J22: 700 | K22: 750
I23: 50 | J23: 700 | K23: =J23+I23 -> 750

Sheet Omsætning
C1: TEGNESTUE A/S: High Class painting
A4: Pris | B4: Antal solgte enheder | C4: Omsætning | D4: Grænseomsætning (GROMS) | E4: Variable omkostninger | F4: Totale omkostninger | G4: Variable enhedsomkostninger | H4: Grænseomkostninger (GROMK) | I4: Totale enhedsomkostninger | J4: Profit (oms-to) | K4: Profit (P-TE)*M
B5: =Produktion!F16 -> 2 | C5: =B5*A5 -> 0 | D5: =(C5-0)/(B5-0) -> 0 | E5: =Produktion!J16 -> 100 | F5: =Produktion!K16 -> 150 | G5: =Produktion!M16 -> 50 | H5: =Produktion!O16 -> 75 | I5: =Produktion!N16 -> 0 | J5: =C5-F5 -> -150 | K5: =(A5-I5)*B5 -> 0
A6: =A5 -> 0 | B6: =Produktion!F17 -> 5 | C6: =B6*A6 -> 0 | D6: =(C6-C5)/(B6-B5) -> 0 | E6: =Produktion!J17 -> 200 | F6: =Produktion!K17 -> 250 | G6: =Produktion!M17 -> 0 | H6: =Produktion!O17 -> 0 | I6: =Produktion!N17 -> 0 | J6: =C6-F6 -> -250 | K6: =(A6-I6)*B6 -> 0
A7: =A6 -> 0 | B7: =Produktion!F18 -> 9 | C7: =B7*A7 -> 0 | D7: =(C7-C6)/(B7-B6) -> 0 | E7: =Produktion!J18 -> 300 | F7: =Produktion!K18 -> 350 | G7: =Produktion!M18 -> 0 | H7: =Produktion!O18 -> 0 | I7: =Produktion!N18 -> 0 | J7: =C7-F7 -> -350 | K7: =(A7-I7)*B7 -> 0
A8: =A7 -> 0 | B8: =Produktion!F19 -> 14 | C8: =B8*A8 -> 0 | D8: =(C8-C7)/(B8-B7) -> 0 | E8: =Produktion!J19 -> 400 | F8: =Produktion!K19 -> 450 | G8: =Produktion!M19 -> 0 | H8: =Produktion!O19 -> 0 | I8: =Produktion!N19 -> 0 | J8: =C8-F8 -> -450 | K8: =(A8-I8)*B8 -> 0
A9: =A8 -> 0 | B9: =Produktion!F20 -> 17 | C9: =B9*A9 -> 0 | D9: =(C9-C8)/(B9-B8) -> 0 | E9: =Produktion!J20 -> 500 | F9: =Produktion!K20 -> 550 | G9: =Produktion!M20 -> 0 | H9: =Produktion!O20 -> 0 | I9: =Produktion!N20 -> 0 | J9: =C9-F9 -> -550 | K9: =(A9-I9)*B9 -> 0
A10: =A9 -> 0 | B10: =Produktion!F21 -> 19 | C10: =B10*A10 -> 0 | D10: =(C10-C9)/(B10-B9) -> 0 | E10: =Produktion!J21 -> 600 | F10: =Produktion!K21 -> 650 | G10: =Produktion!M21 -> 0 | H10: =Produktion!O21 -> 0 | I10: =Produktion!N21 -> 0 | J10: =C10-F10 -> -650 | K10: =(A10-I10)*B10 -> 0
A11: =A10 -> 0 | B11: =Produktion!F22 -> 20 | C11: =B11*A11 -> 0 | D11: =(C11-C10)/(B11-B10) -> 0 | E11: =Produktion!J22 -> 700 | F11: =Produktion!K22 -> 750 | G11: =Produktion!M22 -> 0 | H11: =Produktion!O21 -> 0 | I11: =Produktion!N22 -> 0 | J11: =C11-F11 -> -750 | K11: =(A11-I11)*B11 -> 0

Sheet Ark3
